county_id,state,population,rural_index,pct_college_educated,median_household_income,pct_uninsured,primary_care_per_100k,pct_republican_vote,social_trust_score,prior_flu_vax_rate,covid_death_rate_100k,hesitancy_score,vaccination_rate,high_hesitancy
CTY0000,PA,25367,0.392,0.341,37125,0.18,54.2,0.364,0.411,0.404,183.3,55.37,0.44,0
CTY0001,IN,9589,0.409,0.14,91513,0.208,46.6,0.53,0.644,0.25,205.0,87.71,0.18,1
CTY0002,FL,51040,0.271,0.352,76536,0.138,54.1,0.376,0.525,0.538,255.9,59.01,0.486,0
CTY0003,GA,30700,0.438,0.342,85533,0.051,78.5,0.622,0.51,0.434,110.1,65.88,0.461,0
CTY0004,FL,149994,0.346,0.154,59576,0.18,34.3,0.543,0.693,0.545,252.6,64.81,0.384,0
CTY0005,GA,39427,0.731,0.327,46733,0.11,44.3,0.463,0.566,0.557,120.3,79.41,0.261,1
CTY0006,MI,11997,0.512,0.239,53361,0.119,69.5,0.498,0.38,0.195,248.7,88.57,0.185,1
CTY0007,KY,44233,0.799,0.271,58152,0.064,19.8,0.351,0.61,0.575,112.5,59.97,0.428,0
CTY0008,WV,130208,0.601,0.299,24989,0.02,58.0,0.789,0.688,0.591,202.7,76.77,0.341,1
CTY0009,KY,63497,0.367,0.242,46130,0.12,94.6,0.715,0.722,0.589,92.5,59.58,0.435,0
CTY0010,PA,111190,0.113,0.103,79080,0.138,55.5,0.476,0.604,0.528,279.4,49.96,0.551,0
CTY0011,NC,82039,0.314,0.291,63988,0.16,42.5,0.477,0.603,0.335,171.0,75.24,0.277,1
CTY0012,AL,47580,0.168,0.407,45733,0.139,69.1,0.209,0.877,0.501,321.0,32.94,0.643,0
CTY0013,IN,17539,0.431,0.362,41646,0.115,53.1,0.701,0.458,0.504,184.0,57.87,0.453,0
CTY0014,NC,72524,0.048,0.286,32257,0.234,34.8,0.7,0.728,0.254,181.8,80.74,0.302,1
CTY0015,PA,158613,0.3,0.265,41751,0.135,47.6,0.498,0.577,0.386,257.4,69.61,0.279,0
CTY0016,PA,63206,0.068,0.296,35974,0.097,80.3,0.441,0.619,0.453,159.5,62.25,0.373,0
CTY0017,OH,16327,0.417,0.392,61115,0.025,91.7,0.281,0.276,0.51,105.0,53.69,0.503,0
CTY0018,TN,138698,0.64,0.078,50088,0.154,31.8,0.538,0.536,0.317,144.2,86.59,0.217,1
CTY0019,IL,54429,0.146,0.432,68350,0.088,59.7,0.687,0.355,0.595,139.7,66.92,0.432,0
CTY0020,VA,59304,0.472,0.209,44917,0.093,65.2,0.676,0.395,0.288,226.4,80.33,0.263,1
CTY0021,IL,28497,0.217,0.142,35682,0.15,61.4,0.294,0.9,0.591,322.0,37.91,0.602,0
CTY0022,KY,48019,0.265,0.398,39428,0.213,69.4,0.184,0.376,0.447,223.6,41.38,0.559,0
CTY0023,NC,29259,0.11,0.429,67211,0.068,70.0,0.774,0.761,0.679,161.8,42.79,0.604,0
CTY0024,MI,28375,0.36,0.141,57185,0.033,40.5,0.424,0.659,0.51,115.5,63.93,0.4,0
CTY0025,OH,92604,0.093,0.225,41302,0.153,89.9,0.664,0.454,0.413,129.6,67.27,0.362,0
CTY0026,MO,5842,0.76,0.282,56319,0.084,48.4,0.726,0.391,0.516,171.7,87.87,0.18,1
CTY0027,GA,292091,0.443,0.289,45739,0.077,76.5,0.591,0.493,0.511,221.6,65.0,0.446,0
CTY0028,GA,9774,0.313,0.229,57923,0.173,107.6,0.497,0.582,0.315,271.7,64.22,0.398,0
CTY0029,KY,175235,0.377,0.298,49716,0.129,82.0,0.629,0.469,0.598,108.8,68.57,0.336,0
CTY0030,FL,45221,0.475,0.291,44552,0.062,82.9,0.451,0.57,0.382,40.0,37.86,0.587,0
CTY0031,IL,16144,0.881,0.355,61243,0.057,75.1,0.443,0.658,0.488,178.5,51.1,0.487,0
CTY0032,NC,71196,0.22,0.392,36701,0.084,70.0,0.72,0.58,0.541,174.0,52.34,0.547,0
CTY0033,TX,110849,0.68,0.161,67884,0.098,90.4,0.563,0.435,0.597,267.7,69.72,0.35,0
CTY0034,IL,14640,0.641,0.413,67586,0.108,50.0,0.633,0.502,0.429,120.3,72.47,0.287,1
CTY0035,AL,47898,0.478,0.325,74111,0.081,34.7,0.282,0.502,0.287,237.3,58.98,0.418,0
CTY0036,WV,117480,0.07,0.093,52696,0.113,46.2,0.687,0.547,0.478,280.2,74.0,0.386,1
CTY0037,AL,395801,0.219,0.327,65761,0.18,53.5,0.707,0.719,0.545,165.4,62.59,0.412,0
CTY0038,KY,10106,0.193,0.356,67334,0.125,27.8,0.463,0.655,0.432,290.0,67.46,0.381,0
CTY0039,MO,60593,0.484,0.05,68444,0.124,55.6,0.729,0.502,0.463,85.9,86.46,0.237,1
CTY0040,FL,515888,0.473,0.173,48412,0.139,88.6,0.592,0.626,0.545,196.5,62.66,0.39,0
CTY0041,AL,24632,0.408,0.349,22000,0.02,38.6,0.232,0.462,0.63,160.5,50.56,0.537,0
CTY0042,PA,16894,0.282,0.274,49677,0.245,92.0,0.47,0.741,0.417,226.5,64.34,0.379,0
CTY0043,FL,53778,0.323,0.351,49647,0.169,69.6,0.612,0.422,0.492,212.8,64.19,0.444,0
CTY0044,OH,44803,0.529,0.269,84262,0.115,46.8,0.772,0.354,0.751,98.5,82.76,0.32,1
CTY0045,WV,19075,0.083,0.316,33092,0.165,70.9,0.344,0.746,0.615,180.3,26.37,0.708,0
CTY0046,FL,76024,0.093,0.385,22000,0.105,66.5,0.852,0.568,0.259,218.4,54.96,0.453,0
CTY0047,IN,225081,0.66,0.301,44261,0.067,69.9,0.376,0.485,0.429,141.3,64.81,0.374,0
CTY0048,IN,104021,0.316,0.292,77715,0.159,33.6,0.754,0.511,0.324,207.1,86.4,0.211,1
CTY0049,VA,47038,0.607,0.426,73882,0.138,72.9,0.623,0.508,0.63,272.9,61.48,0.447,0
CTY0050,TX,37864,0.392,0.413,63474,0.201,71.9,0.391,0.658,0.518,102.3,63.47,0.384,0
CTY0051,MI,89006,0.413,0.293,57103,0.099,81.9,0.426,0.428,0.44,366.9,58.04,0.494,0
CTY0052,IL,14546,0.177,0.446,58905,0.095,40.3,0.559,0.475,0.523,90.7,50.4,0.552,0
CTY0053,WV,62880,0.465,0.38,74649,0.064,34.9,0.321,0.405,0.418,200.1,63.99,0.438,0
CTY0054,MO,12628,0.653,0.139,56858,0.135,41.2,0.667,0.858,0.499,55.4,75.9,0.183,1
CTY0055,OH,48808,0.312,0.287,55549,0.164,23.1,0.186,0.536,0.543,149.9,48.78,0.472,0
CTY0056,MO,58096,0.172,0.251,33800,0.039,89.0,0.865,0.605,0.427,224.6,85.09,0.289,1
CTY0057,WV,8846,0.102,0.446,43421,0.144,64.9,0.35,0.601,0.324,244.7,43.55,0.527,0
CTY0058,IL,158410,0.588,0.405,69289,0.11,98.6,0.92,0.747,0.488,190.3,74.39,0.212,1
CTY0059,PA,133935,0.093,0.187,56798,0.138,82.1,0.435,0.607,0.5,194.2,70.67,0.4,0
CTY0060,MO,42171,0.263,0.323,46303,0.172,56.6,0.418,0.408,0.662,254.6,66.53,0.405,0
CTY0061,IL,191627,0.555,0.329,53217,0.078,24.9,0.744,0.376,0.445,137.5,75.49,0.346,1
CTY0062,MI,95113,0.722,0.137,33534,0.051,81.8,0.562,0.53,0.414,244.0,90.11,0.23,1
CTY0063,IL,18239,0.436,0.258,54499,0.136,82.8,0.534,0.411,0.728,231.9,57.34,0.52,0
CTY0064,TN,453241,0.415,0.21,32582,0.06,74.7,0.365,0.9,0.416,185.8,37.99,0.526,0
CTY0065,PA,36780,0.669,0.062,67029,0.06,82.3,0.502,0.66,0.621,294.0,72.39,0.444,1
CTY0066,FL,35241,0.612,0.157,70056,0.045,108.2,0.794,0.582,0.445,212.7,72.91,0.343,1
CTY0067,IL,51787,0.479,0.429,69057,0.228,93.3,0.502,0.504,0.383,185.4,67.67,0.329,0
CTY0068,PA,23241,0.323,0.36,50453,0.02,50.5,0.782,0.459,0.574,205.7,89.25,0.328,1
CTY0069,MO,23596,0.336,0.422,25950,0.159,93.7,0.645,0.524,0.522,238.6,42.53,0.547,0
CTY0070,TN,71838,0.116,0.233,59850,0.128,49.8,0.537,0.496,0.447,85.4,68.71,0.35,0
CTY0071,MO,45052,0.237,0.445,80619,0.164,54.5,0.285,0.66,0.518,152.7,30.79,0.673,0
CTY0072,IN,447353,0.264,0.165,46992,0.147,64.2,0.468,0.65,0.703,221.9,51.9,0.507,0
CTY0073,GA,57748,0.51,0.417,46783,0.161,98.3,0.524,0.265,0.657,210.1,65.03,0.38,0
CTY0074,GA,45374,0.163,0.365,52358,0.096,78.1,0.404,0.468,0.522,136.5,35.67,0.615,0
CTY0075,FL,327312,0.267,0.281,74450,0.106,57.7,0.523,0.323,0.413,176.3,69.27,0.338,0
CTY0076,MI,23717,0.094,0.168,36389,0.125,113.3,0.566,0.208,0.451,225.3,74.84,0.354,1
CTY0077,FL,120028,0.237,0.329,39031,0.204,86.7,0.529,0.261,0.47,175.7,46.0,0.515,0
CTY0078,GA,177324,0.342,0.259,42906,0.087,61.9,0.514,0.516,0.507,259.6,51.11,0.506,0
CTY0079,IL,22837,0.04,0.231,71382,0.073,87.2,0.304,0.593,0.606,191.6,39.71,0.654,0
CTY0080,OH,57268,0.378,0.173,48912,0.066,75.1,0.898,0.578,0.639,202.3,78.36,0.387,1
CTY0081,NC,21249,0.757,0.353,42157,0.045,69.1,0.539,0.676,0.569,131.5,59.08,0.411,0
CTY0082,TN,109186,0.189,0.216,52337,0.09,51.6,0.58,0.536,0.424,184.1,70.16,0.369,0
CTY0083,IL,129308,0.481,0.499,59619,0.031,79.8,0.695,0.385,0.418,203.8,60.62,0.448,0
CTY0084,IN,29703,0.507,0.282,25988,0.132,83.0,0.595,0.309,0.18,58.8,76.13,0.279,1
CTY0085,MI,16792,0.452,0.274,35644,0.052,111.2,0.529,0.524,0.391,252.1,80.35,0.332,1
CTY0086,OH,16450,0.521,0.266,91588,0.089,43.1,0.594,0.413,0.66,148.0,65.87,0.482,0
CTY0087,VA,37318,0.409,0.471,54688,0.077,71.5,0.328,0.564,0.701,115.0,49.24,0.606,0
CTY0088,TN,626628,0.115,0.381,79832,0.183,90.5,0.803,0.746,0.669,217.6,42.93,0.558,0
CTY0089,OH,34729,0.123,0.18,29679,0.195,88.5,0.518,0.677,0.55,99.8,44.2,0.48,0
CTY0090,MI,34350,0.054,0.491,66532,0.135,41.5,0.377,0.684,0.481,84.8,32.12,0.639,0
CTY0091,IL,40484,0.672,0.38,60892,0.108,69.2,0.524,0.469,0.432,159.0,72.64,0.363,1
CTY0092,TX,46004,0.4,0.178,40781,0.137,90.1,0.572,0.486,0.589,207.0,79.5,0.316,1
CTY0093,IN,18702,0.352,0.211,65353,0.179,71.0,0.621,0.355,0.464,306.1,53.92,0.514,0
CTY0094,MI,39373,0.549,0.325,42422,0.022,105.5,0.723,0.52,0.534,170.8,69.0,0.401,0
CTY0095,MO,276392,0.681,0.238,22000,0.186,50.1,0.445,0.725,0.472,181.9,77.11,0.338,1
CTY0096,GA,51680,0.173,0.484,40399,0.054,48.0,0.376,0.516,0.417,147.4,43.39,0.622,0
CTY0097,IL,33196,0.526,0.247,51973,0.164,85.9,0.507,0.395,0.3,159.5,85.5,0.209,1
CTY0098,TX,17079,0.355,0.384,67258,0.061,82.4,0.322,0.703,0.581,212.6,24.47,0.746,0
CTY0099,IN,13235,0.813,0.156,38368,0.143,69.3,0.533,0.749,0.582,239.5,74.87,0.306,1
CTY0100,TN,34121,0.288,0.261,48346,0.149,81.1,0.772,0.534,0.609,133.8,43.27,0.475,0
CTY0101,WV,135105,0.399,0.398,36406,0.132,61.4,0.691,0.5,0.56,211.0,65.37,0.452,0
CTY0102,TN,84479,0.328,0.195,61974,0.09,75.2,0.395,0.683,0.316,97.1,52.98,0.43,0
CTY0103,WV,42447,0.521,0.291,60207,0.085,34.0,0.611,0.609,0.496,111.2,86.08,0.239,1
CTY0104,FL,44771,0.152,0.333,48878,0.056,101.8,0.442,0.324,0.429,180.8,54.14,0.457,0
CTY0105,MO,306237,0.752,0.252,54505,0.155,43.6,0.61,0.426,0.638,100.3,68.37,0.315,0
CTY0106,KY,17669,0.546,0.277,52508,0.206,79.3,0.422,0.49,0.634,265.0,82.1,0.281,1
CTY0107,PA,8573,0.802,0.232,78293,0.144,60.1,0.548,0.359,0.546,124.0,88.5,0.18,1
CTY0108,TN,13392,0.361,0.184,72349,0.02,65.7,0.567,0.709,0.373,97.3,86.8,0.228,1
CTY0109,TN,11505,0.57,0.229,80271,0.049,110.8,0.466,0.607,0.472,129.5,70.37,0.369,0
CTY0110,AL,96376,0.219,0.273,38576,0.126,117.3,0.373,0.651,0.638,214.8,27.72,0.723,0
CTY0111,IL,302099,0.434,0.299,57071,0.193,56.3,0.751,0.509,0.511,227.5,70.02,0.345,0
CTY0112,AL,52700,0.014,0.239,59730,0.114,62.5,0.453,0.638,0.353,260.0,48.35,0.591,0
CTY0113,IL,73038,0.498,0.352,70040,0.076,95.1,0.391,0.451,0.399,303.4,52.5,0.52,0
CTY0114,MO,103993,0.124,0.514,43043,0.155,51.0,0.377,0.435,0.779,178.6,24.11,0.717,0
CTY0115,KY,15961,0.33,0.271,50307,0.123,19.4,0.386,0.587,0.513,124.8,75.12,0.275,1
CTY0116,FL,28706,0.363,0.122,31497,0.135,51.9,0.485,0.279,0.565,121.7,82.19,0.266,1
CTY0117,NC,191469,0.256,0.158,42125,0.166,53.4,0.485,0.725,0.78,226.3,63.96,0.431,0
CTY0118,VA,137760,0.31,0.402,65405,0.116,113.9,0.482,0.63,0.56,328.2,44.19,0.513,0
CTY0119,AL,48871,0.15,0.417,66024,0.157,41.7,0.776,0.556,0.449,89.4,70.35,0.291,0
CTY0120,IL,14767,0.218,0.368,39822,0.094,89.7,0.581,0.343,0.563,288.5,33.88,0.695,0
CTY0121,IL,66315,0.338,0.296,35309,0.129,59.9,0.323,0.71,0.496,192.6,51.81,0.497,0
CTY0122,WV,11044,0.535,0.266,49087,0.081,113.2,0.675,0.785,0.591,245.5,62.72,0.45,0
CTY0123,NC,213493,0.308,0.268,43197,0.098,98.5,0.503,0.614,0.316,135.5,57.09,0.423,0
CTY0124,TX,40156,0.094,0.543,76743,0.059,95.7,0.275,0.673,0.473,274.5,25.66,0.724,0
CTY0125,IL,13656,0.534,0.193,44455,0.091,78.0,0.733,0.576,0.318,312.5,82.43,0.323,1
CTY0126,WV,71900,0.465,0.224,63693,0.071,56.4,0.756,0.535,0.258,298.8,79.02,0.287,1
CTY0127,OH,94789,0.653,0.351,65211,0.245,23.7,0.497,0.407,0.388,147.4,83.33,0.183,1
CTY0128,IN,109700,0.747,0.395,63099,0.085,88.1,0.473,0.478,0.313,191.3,61.29,0.435,0
CTY0129,NC,42423,0.83,0.271,41916,0.058,77.1,0.731,0.254,0.551,49.3,89.25,0.18,1
CTY0130,MO,16289,0.489,0.228,40053,0.152,85.9,0.868,0.317,0.506,179.7,90.31,0.231,1
CTY0131,TN,15658,0.497,0.271,46271,0.162,107.2,0.395,0.457,0.593,190.3,64.93,0.388,0
CTY0132,IL,74571,0.098,0.173,53169,0.078,53.1,0.169,0.438,0.376,260.1,49.65,0.59,0
CTY0133,FL,59959,0.493,0.374,42335,0.145,75.7,0.901,0.197,0.482,155.0,72.74,0.36,1
CTY0134,WV,20324,0.298,0.261,61848,0.137,59.7,0.624,0.556,0.501,223.1,71.11,0.358,1
CTY0135,TN,42189,0.462,0.309,56776,0.026,69.6,0.839,0.444,0.582,67.0,81.48,0.259,1
CTY0136,NC,78999,0.481,0.245,68900,0.045,77.5,0.371,0.638,0.574,92.0,68.68,0.419,0
CTY0137,NC,14862,0.281,0.334,49183,0.027,46.4,0.521,0.584,0.742,142.1,49.36,0.549,0
CTY0138,GA,5903,0.206,0.233,70501,0.13,64.5,0.47,0.71,0.465,232.0,63.57,0.4,0
CTY0139,GA,75174,0.428,0.256,56742,0.154,51.7,0.282,0.504,0.356,91.4,76.48,0.315,1
CTY0140,OH,68227,0.775,0.211,40863,0.145,70.0,0.185,0.665,0.275,107.8,65.64,0.292,0
CTY0141,AL,10709,0.538,0.328,74610,0.139,101.8,0.224,0.551,0.551,111.9,38.63,0.632,0
CTY0142,MI,6396,0.531,0.4,50194,0.137,50.3,0.375,0.534,0.2,57.6,73.16,0.273,1
CTY0143,IN,659593,0.421,0.304,55678,0.098,80.1,0.542,0.716,0.33,248.5,65.62,0.373,0
CTY0144,KY,31174,0.599,0.278,76888,0.064,99.9,0.62,0.824,0.624,121.2,64.02,0.472,0
CTY0145,OH,11457,0.79,0.221,44524,0.168,72.4,0.373,0.521,0.523,100.1,68.25,0.332,0
CTY0146,GA,2678,0.572,0.148,58466,0.13,34.0,0.461,0.48,0.375,205.0,81.28,0.236,1
CTY0147,IL,79869,0.214,0.115,44612,0.104,74.8,0.789,0.577,0.479,152.4,75.48,0.261,1
CTY0148,OH,966187,0.312,0.262,70245,0.051,63.7,0.444,0.52,0.471,175.9,62.91,0.416,0
CTY0149,AL,129717,0.275,0.228,35559,0.167,21.3,0.79,0.672,0.51,234.3,86.79,0.233,1
CTY0150,FL,212645,0.278,0.143,50715,0.079,67.7,0.387,0.536,0.396,210.2,76.08,0.285,1
CTY0151,TX,9483,0.287,0.282,67225,0.116,73.6,0.316,0.811,0.457,277.4,69.1,0.387,0
CTY0152,OH,149541,0.477,0.172,70119,0.111,73.6,0.456,0.726,0.529,93.9,72.06,0.347,1
CTY0153,GA,52762,0.581,0.408,60537,0.136,69.0,0.406,0.605,0.429,277.8,59.91,0.417,0
CTY0154,KY,28027,0.606,0.342,22000,0.02,51.3,0.284,0.41,0.589,173.7,51.85,0.507,0
CTY0155,IL,58335,0.152,0.313,73490,0.16,90.1,0.566,0.635,0.456,67.1,38.11,0.626,0
CTY0156,PA,33644,0.408,0.151,52731,0.233,59.8,0.782,0.474,0.753,264.3,83.94,0.288,1
CTY0157,TN,55796,0.731,0.246,49169,0.176,82.3,0.399,0.685,0.356,314.2,82.33,0.229,1
CTY0158,OH,26919,0.371,0.209,56253,0.173,72.7,0.462,0.533,0.567,190.8,78.04,0.268,1
CTY0159,NC,43980,0.248,0.272,62833,0.196,48.9,0.156,0.681,0.539,168.4,49.54,0.489,0
CTY0160,FL,602190,0.307,0.208,38067,0.103,97.8,0.394,0.561,0.494,256.7,52.71,0.56,0
CTY0161,MI,31335,0.19,0.152,59831,0.11,98.0,0.714,0.381,0.673,183.6,63.41,0.473,0
CTY0162,TX,212132,0.228,0.147,44947,0.135,74.7,0.459,0.599,0.39,89.7,64.37,0.431,0
CTY0163,TX,105297,0.43,0.266,79419,0.16,109.9,0.747,0.9,0.271,159.5,79.28,0.231,1
CTY0164,NC,68515,0.356,0.125,69132,0.022,111.7,0.699,0.512,0.191,251.5,72.66,0.34,1
CTY0165,VA,259280,0.256,0.381,54348,0.156,74.0,0.483,0.15,0.628,170.7,38.85,0.576,0
CTY0166,TX,184196,0.798,0.169,80801,0.191,74.4,0.364,0.526,0.458,256.2,68.04,0.346,0
CTY0167,MO,8716,0.346,0.282,52464,0.046,74.4,0.434,0.525,0.612,199.9,49.48,0.571,0
CTY0168,PA,235856,0.299,0.278,30966,0.192,64.4,0.592,0.516,0.507,85.4,60.71,0.406,0
CTY0169,KY,9179,0.47,0.318,62147,0.072,63.6,0.618,0.352,0.471,226.4,74.51,0.307,1
CTY0170,MI,122699,0.585,0.349,62575,0.124,110.7,0.528,0.463,0.646,153.2,66.21,0.43,0
CTY0171,VA,123654,0.355,0.14,49558,0.126,45.3,0.92,0.564,0.438,40.0,89.22,0.214,1
CTY0172,GA,67393,0.44,0.353,60615,0.065,66.6,0.14,0.613,0.328,147.9,45.44,0.543,0
CTY0173,MI,26981,0.185,0.131,65189,0.051,64.0,0.45,0.642,0.49,316.1,69.4,0.414,0
CTY0174,TN,68089,0.596,0.334,50369,0.209,42.1,0.872,0.408,0.426,120.0,84.66,0.18,1
CTY0175,IL,17714,0.306,0.361,51547,0.069,48.8,0.43,0.53,0.609,301.2,49.6,0.542,0
CTY0176,TN,37293,0.25,0.141,52359,0.098,89.5,0.1,0.411,0.457,164.1,36.21,0.615,0
CTY0177,AL,165265,0.14,0.263,49822,0.227,76.0,0.315,0.569,0.363,178.6,52.4,0.494,0
CTY0178,MI,316329,0.332,0.37,50264,0.128,52.7,0.577,0.306,0.293,145.4,78.04,0.234,1
CTY0179,NC,70216,0.199,0.258,70680,0.057,63.9,0.237,0.35,0.611,172.0,47.28,0.574,0
CTY0180,MI,13358,0.295,0.31,60656,0.04,84.6,0.733,0.49,0.438,161.1,77.27,0.372,1
CTY0181,IN,145652,0.221,0.514,58584,0.197,107.7,0.342,0.525,0.509,176.3,43.6,0.565,0
CTY0182,AL,781223,0.395,0.088,38434,0.136,48.0,0.387,0.662,0.234,40.0,80.79,0.18,1
CTY0183,TN,91066,0.119,0.215,52522,0.02,37.3,0.137,0.568,0.524,247.4,29.75,0.661,0
CTY0184,TX,27203,0.366,0.443,55074,0.035,90.1,0.409,0.439,0.406,84.6,40.33,0.649,0
CTY0185,MI,104073,0.392,0.11,50163,0.111,54.4,0.336,0.561,0.503,40.0,70.64,0.364,0
CTY0186,TX,19436,0.294,0.333,65706,0.112,88.6,0.491,0.305,0.289,193.4,63.06,0.387,0
CTY0187,VA,163627,0.218,0.334,35889,0.187,46.5,0.471,0.772,0.258,184.8,66.01,0.313,0
CTY0188,PA,83220,0.242,0.502,44323,0.09,40.8,0.383,0.685,0.618,246.6,46.51,0.592,0
CTY0189,IL,41700,0.313,0.271,22000,0.066,51.1,0.528,0.398,0.376,133.6,80.67,0.369,1
CTY0190,AL,52668,0.336,0.354,41545,0.148,98.0,0.49,0.714,0.578,212.1,57.49,0.485,0
CTY0191,AL,213958,0.3,0.42,74294,0.095,108.6,0.623,0.44,0.443,179.7,63.24,0.348,0
CTY0192,VA,16805,0.379,0.082,37032,0.134,77.6,0.651,0.715,0.377,250.7,83.79,0.237,1
CTY0193,IN,42760,0.181,0.341,45045,0.132,54.8,0.645,0.646,0.18,194.7,66.4,0.363,0
CTY0194,IL,359895,0.437,0.395,72450,0.172,80.0,0.132,0.541,0.418,210.4,35.23,0.526,0
CTY0195,TX,174899,0.134,0.305,36055,0.128,91.3,0.369,0.508,0.442,118.4,66.12,0.449,0
CTY0196,MO,297294,0.559,0.196,28384,0.115,60.2,0.443,0.446,0.43,211.7,72.21,0.275,1
CTY0197,VA,11952,0.537,0.4,61572,0.089,68.4,0.652,0.55,0.362,296.3,66.57,0.367,0
CTY0198,NC,35935,0.325,0.279,68956,0.179,85.2,0.508,0.474,0.486,213.8,24.13,0.702,0
CTY0199,KY,26781,0.728,0.316,58413,0.193,82.0,0.456,0.662,0.606,213.4,69.02,0.378,0
CTY0200,KY,685037,0.567,0.195,22000,0.109,67.4,0.298,0.601,0.427,160.8,70.38,0.316,0
CTY0201,FL,75514,0.064,0.108,55199,0.134,95.4,0.633,0.592,0.481,122.4,74.26,0.385,1
CTY0202,FL,11054,0.283,0.318,48352,0.026,65.6,0.92,0.18,0.431,167.2,85.84,0.331,1
CTY0203,MI,115246,0.725,0.408,54110,0.174,66.5,0.862,0.542,0.557,218.7,77.09,0.269,1
CTY0204,NC,46063,0.408,0.136,49723,0.183,119.4,0.637,0.615,0.384,158.1,68.45,0.314,0
CTY0205,IL,9228,0.411,0.208,44746,0.066,72.7,0.482,0.668,0.341,168.9,57.97,0.511,0
CTY0206,FL,319660,0.485,0.228,58728,0.154,77.8,0.377,0.775,0.535,232.3,66.24,0.396,0
CTY0207,WV,149508,0.044,0.091,38617,0.142,71.4,0.448,0.596,0.474,207.9,64.67,0.484,0
CTY0208,WV,329151,0.462,0.265,44897,0.119,114.2,0.359,0.381,0.533,179.2,42.91,0.522,0
CTY0209,AL,27589,0.16,0.438,56936,0.111,43.3,0.506,0.596,0.444,135.6,56.84,0.44,0
CTY0210,PA,107137,0.229,0.283,56739,0.188,85.5,0.494,0.399,0.489,192.4,78.57,0.307,1
CTY0211,WV,36052,0.537,0.157,47981,0.05,80.1,0.66,0.449,0.598,173.8,74.68,0.352,1
CTY0212,OH,15314,0.288,0.328,68082,0.075,36.9,0.513,0.573,0.503,223.7,70.77,0.316,0
CTY0213,MI,44753,0.197,0.305,87952,0.107,53.9,0.615,0.484,0.341,303.6,74.24,0.338,1
CTY0214,NC,15920,0.318,0.301,22000,0.041,65.3,0.559,0.402,0.561,133.3,58.37,0.535,0
CTY0215,MO,42636,0.583,0.273,45383,0.12,61.5,0.491,0.697,0.34,156.5,61.67,0.364,0
CTY0216,OH,89268,0.162,0.201,55738,0.077,56.5,0.765,0.865,0.241,140.0,64.58,0.444,0
CTY0217,VA,147497,0.276,0.185,64419,0.092,59.7,0.48,0.651,0.379,207.4,67.75,0.354,0
CTY0218,NC,67484,0.237,0.402,43766,0.057,125.1,0.548,0.461,0.701,158.9,54.02,0.513,0
CTY0219,MI,101770,0.398,0.353,29364,0.079,67.5,0.489,0.678,0.552,296.8,40.5,0.551,0
CTY0220,GA,10855,0.292,0.191,63995,0.1,62.7,0.468,0.424,0.505,85.2,57.26,0.493,0
CTY0221,VA,98575,0.479,0.25,51750,0.124,53.9,0.273,0.422,0.554,213.8,61.69,0.472,0
CTY0222,IL,41197,0.376,0.05,48878,0.105,31.3,0.609,0.408,0.655,198.7,82.79,0.322,1
CTY0223,KY,28141,0.199,0.272,60287,0.071,91.5,0.605,0.55,0.5,227.7,48.33,0.561,0
CTY0224,MI,119799,0.436,0.337,32826,0.239,81.2,0.718,0.478,0.443,219.6,78.84,0.317,1
CTY0225,WV,31064,0.229,0.25,50618,0.165,48.7,0.315,0.466,0.515,196.2,38.76,0.58,0
CTY0226,TN,174064,0.135,0.423,45241,0.128,59.5,0.794,0.503,0.453,152.0,70.52,0.437,0
CTY0227,OH,13385,0.749,0.099,57801,0.17,37.4,0.579,0.467,0.454,107.5,88.83,0.222,1
CTY0228,PA,90661,0.435,0.285,64915,0.059,39.8,0.291,0.203,0.702,217.9,50.0,0.485,0
CTY0229,NC,22985,0.666,0.106,52672,0.044,39.7,0.335,0.674,0.505,171.6,77.11,0.373,1
CTY0230,OH,91004,0.54,0.353,59210,0.044,88.0,0.631,0.539,0.479,40.0,67.14,0.392,0
CTY0231,WV,56900,0.471,0.173,63373,0.076,34.3,0.474,0.447,0.544,169.4,77.93,0.216,1
CTY0232,IL,69397,0.651,0.328,43324,0.126,70.0,0.494,0.564,0.18,103.8,73.58,0.296,1
CTY0233,IN,15496,0.535,0.186,56448,0.148,44.0,0.429,0.428,0.343,264.2,84.02,0.227,1
CTY0234,WV,31871,0.51,0.119,44299,0.093,25.1,0.477,0.692,0.356,213.8,71.8,0.383,1
CTY0235,FL,48820,0.496,0.335,48300,0.128,84.6,0.631,0.753,0.516,332.7,64.8,0.384,0
CTY0236,GA,48873,0.833,0.264,61306,0.117,89.5,0.673,0.543,0.767,192.5,72.0,0.249,1
CTY0237,AL,252971,0.397,0.253,57358,0.098,101.5,0.604,0.317,0.421,40.0,61.36,0.382,0
CTY0238,IN,317291,0.523,0.387,28151,0.143,59.9,0.275,0.508,0.531,192.1,59.02,0.474,0
CTY0239,PA,53876,0.681,0.27,55463,0.17,52.4,0.562,0.47,0.468,118.3,87.21,0.246,1
CTY0240,TX,39443,0.498,0.34,70429,0.02,74.5,0.792,0.725,0.486,153.4,72.82,0.395,1
CTY0241,AL,61676,0.364,0.05,61258,0.115,71.4,0.362,0.572,0.404,274.8,70.12,0.392,0
CTY0242,TN,137566,0.166,0.323,69760,0.027,104.3,0.506,0.608,0.415,178.5,46.61,0.58,0
CTY0243,WV,66898,0.235,0.27,58403,0.159,81.8,0.561,0.406,0.401,238.4,67.33,0.328,0
CTY0244,TN,50279,0.252,0.224,47241,0.158,36.4,0.518,0.208,0.453,180.4,74.53,0.265,1
CTY0245,TX,242412,0.199,0.193,40235,0.043,90.8,0.473,0.707,0.598,93.5,55.45,0.491,0
CTY0246,OH,17838,0.334,0.103,57372,0.131,89.4,0.703,0.617,0.548,212.9,76.93,0.342,1
CTY0247,OH,32982,0.224,0.441,32835,0.057,67.9,0.409,0.643,0.412,175.1,48.06,0.495,0
CTY0248,NC,51400,0.213,0.33,68454,0.121,73.4,0.797,0.622,0.547,235.0,72.64,0.411,1
CTY0249,NC,83839,0.697,0.175,60457,0.075,105.8,0.84,0.27,0.561,284.8,76.9,0.376,1
CTY0250,OH,4729,0.688,0.333,60791,0.168,103.3,0.344,0.593,0.569,57.3,58.09,0.43,0
CTY0251,NC,147925,0.324,0.131,56112,0.112,40.2,0.581,0.451,0.459,44.5,76.18,0.357,1
CTY0252,NC,15715,0.277,0.3,64756,0.15,116.9,0.441,0.738,0.591,137.8,50.25,0.588,0
CTY0253,KY,38233,0.275,0.326,58920,0.122,69.8,0.702,0.781,0.519,139.1,72.56,0.416,1
CTY0254,OH,67988,0.349,0.261,60345,0.151,61.1,0.361,0.269,0.576,125.1,44.62,0.574,0
CTY0255,FL,44971,0.399,0.254,52753,0.145,87.5,0.582,0.738,0.48,157.2,56.25,0.492,0
CTY0256,FL,139295,0.145,0.235,22000,0.125,62.3,0.438,0.441,0.427,40.0,61.67,0.42,0
CTY0257,AL,31389,0.287,0.384,22000,0.042,56.4,0.767,0.597,0.446,210.4,70.14,0.376,0
CTY0258,GA,173838,0.577,0.171,81606,0.08,75.3,0.535,0.686,0.285,193.8,78.34,0.265,1
CTY0259,MI,11796,0.615,0.332,41641,0.082,67.9,0.503,0.645,0.591,209.3,69.03,0.353,0
CTY0260,OH,163857,0.275,0.246,42067,0.122,103.6,0.636,0.475,0.476,155.8,73.48,0.343,1
CTY0261,TX,447245,0.392,0.442,52725,0.115,67.7,0.429,0.475,0.495,226.5,53.66,0.514,0
CTY0262,FL,11639,0.48,0.184,63746,0.02,98.7,0.559,0.406,0.439,310.4,74.91,0.347,1
CTY0263,AL,83520,0.263,0.277,50800,0.173,79.5,0.92,0.432,0.496,215.8,71.26,0.32,1
CTY0264,PA,84282,0.484,0.336,45772,0.122,25.3,0.521,0.632,0.68,151.0,62.14,0.473,0
CTY0265,MO,6215,0.539,0.3,41816,0.064,69.2,0.264,0.714,0.555,103.5,59.23,0.492,0
CTY0266,GA,46408,0.173,0.23,46798,0.164,16.4,0.503,0.277,0.289,68.3,79.24,0.205,1
CTY0267,GA,30427,0.343,0.364,45914,0.057,64.3,0.611,0.744,0.459,191.9,48.46,0.553,0
CTY0268,NC,29579,0.361,0.178,61056,0.139,84.1,0.558,0.439,0.641,212.8,75.31,0.389,1
CTY0269,NC,98804,0.531,0.388,61760,0.116,79.7,0.653,0.401,0.401,231.8,53.54,0.389,0
CTY0270,WV,14559,0.206,0.405,33907,0.121,74.7,0.65,0.767,0.585,198.2,47.83,0.578,0
CTY0271,MI,15661,0.508,0.367,59537,0.149,94.9,0.497,0.4,0.559,100.7,66.22,0.404,0
CTY0272,MI,20347,0.572,0.151,57104,0.165,67.2,0.755,0.501,0.588,131.0,86.29,0.247,1
CTY0273,IN,38314,0.313,0.235,53711,0.058,84.8,0.755,0.603,0.502,144.3,83.81,0.285,1
CTY0274,AL,332023,0.216,0.234,52669,0.046,54.1,0.739,0.498,0.655,219.0,79.81,0.28,1
CTY0275,OH,188058,0.398,0.315,41746,0.165,69.8,0.582,0.741,0.603,127.9,52.96,0.547,0
CTY0276,VA,68136,0.401,0.262,66543,0.089,68.4,0.564,0.671,0.46,135.9,69.15,0.438,0
CTY0277,TN,28519,0.207,0.247,28103,0.098,59.0,0.555,0.531,0.404,171.8,71.36,0.338,1
CTY0278,MI,20114,0.403,0.318,55745,0.121,86.5,0.569,0.756,0.612,117.8,44.2,0.497,0
CTY0279,MI,186787,0.421,0.337,46218,0.08,56.1,0.486,0.859,0.394,236.0,58.12,0.492,0
CTY0280,WV,169724,0.16,0.388,90935,0.072,65.8,0.1,0.545,0.768,234.9,23.66,0.76,0
CTY0281,PA,130428,0.188,0.199,50410,0.104,91.0,0.571,0.646,0.557,200.2,54.37,0.488,0
CTY0282,AL,85191,0.255,0.253,47789,0.063,42.0,0.762,0.634,0.486,172.7,74.68,0.396,1
CTY0283,WV,52506,0.531,0.325,32613,0.054,46.7,0.1,0.552,0.551,145.3,43.83,0.542,0
CTY0284,MO,30150,0.594,0.427,66589,0.121,66.0,0.752,0.452,0.433,156.3,75.54,0.239,1
CTY0285,VA,94099,0.549,0.34,62190,0.13,117.1,0.414,0.48,0.429,134.7,63.56,0.362,0
CTY0286,WV,238903,0.384,0.242,73815,0.154,118.5,0.531,0.56,0.45,52.7,77.12,0.236,1
CTY0287,KY,343584,0.474,0.177,54253,0.16,58.2,0.824,0.624,0.296,157.0,92.73,0.184,1
CTY0288,IN,15458,0.343,0.404,60800,0.163,55.3,0.499,0.597,0.397,274.4,42.05,0.522,0
CTY0289,TX,7646,0.501,0.279,31084,0.06,46.3,0.307,0.615,0.377,230.6,53.61,0.506,0
CTY0290,PA,3964,0.158,0.312,59088,0.081,90.7,0.155,0.302,0.573,89.4,23.27,0.744,0
CTY0291,FL,65348,0.597,0.417,58292,0.18,69.3,0.644,0.544,0.282,146.8,77.18,0.262,1
CTY0292,KY,183384,0.34,0.269,43174,0.11,66.2,0.467,0.532,0.328,301.6,60.89,0.497,0
CTY0293,TX,151070,0.014,0.241,51644,0.152,26.1,0.692,0.708,0.274,348.4,78.0,0.317,1
CTY0294,TN,61878,0.138,0.234,75952,0.063,58.7,0.386,0.781,0.343,196.6,58.0,0.496,0
CTY0295,TN,30007,0.123,0.348,42526,0.109,74.6,0.714,0.256,0.484,203.1,65.16,0.403,0
CTY0296,MO,13635,0.542,0.398,45624,0.102,107.2,0.729,0.505,0.686,209.7,60.22,0.427,0
CTY0297,GA,36301,0.355,0.178,56594,0.101,92.6,0.56,0.511,0.201,215.8,80.13,0.217,1
CTY0298,GA,97991,0.533,0.287,59597,0.169,86.4,0.415,0.55,0.467,132.1,60.15,0.431,0
CTY0299,AL,67258,0.595,0.197,61911,0.055,59.7,0.532,0.486,0.503,195.9,76.52,0.279,1
CTY0300,MO,116996,0.234,0.169,64620,0.15,94.3,0.295,0.858,0.541,257.5,56.15,0.452,0
CTY0301,AL,39027,0.115,0.309,65051,0.064,92.5,0.79,0.504,0.453,230.3,63.91,0.456,0
CTY0302,IN,860289,0.647,0.355,62859,0.106,76.0,0.545,0.471,0.446,181.4,61.53,0.384,0
CTY0303,TN,29835,0.851,0.443,42608,0.121,116.8,0.781,0.692,0.703,103.0,54.33,0.457,0
CTY0304,WV,233153,0.181,0.358,42633,0.15,89.6,0.466,0.154,0.518,186.1,65.61,0.506,0
CTY0305,TX,36655,0.413,0.346,66787,0.161,87.3,0.287,0.542,0.592,262.1,51.31,0.463,0
CTY0306,IL,6819,0.384,0.331,70450,0.115,53.9,0.558,0.503,0.657,177.3,52.77,0.484,0
CTY0307,WV,95357,0.319,0.266,86502,0.131,71.3,0.8,0.504,0.537,133.0,81.66,0.293,1
CTY0308,VA,101572,0.095,0.272,80083,0.167,66.0,0.92,0.258,0.438,40.0,89.36,0.255,1
CTY0309,NC,32949,0.265,0.252,60524,0.02,46.2,0.243,0.654,0.223,197.6,50.45,0.446,0
CTY0310,FL,60494,0.085,0.352,62735,0.04,71.5,0.221,0.748,0.465,247.0,56.38,0.504,0
CTY0311,VA,4286,0.819,0.181,57173,0.067,44.1,0.288,0.44,0.455,163.5,73.93,0.289,1
CTY0312,IL,45341,0.571,0.386,69067,0.192,86.2,0.563,0.748,0.51,259.4,63.75,0.392,0
CTY0313,PA,96897,0.29,0.309,31751,0.103,67.7,0.23,0.487,0.522,136.5,43.92,0.558,0
CTY0314,GA,401191,0.237,0.216,79261,0.046,58.2,0.447,0.601,0.391,157.4,60.2,0.453,0
CTY0315,GA,216024,0.112,0.255,47590,0.119,15.0,0.673,0.658,0.621,255.4,65.3,0.438,0
CTY0316,KY,42029,0.353,0.272,33351,0.113,56.2,0.462,0.208,0.599,222.5,69.65,0.447,0
CTY0317,MI,51262,0.674,0.357,66265,0.14,76.6,0.66,0.618,0.515,244.6,81.21,0.316,1
CTY0318,MI,101859,0.286,0.106,59009,0.149,50.6,0.219,0.648,0.308,170.5,64.79,0.382,0
CTY0319,VA,67118,0.114,0.243,45943,0.142,52.6,0.224,0.591,0.303,40.0,48.49,0.523,0
CTY0320,PA,143252,0.21,0.308,41610,0.083,86.1,0.542,0.777,0.394,210.6,70.62,0.359,0
CTY0321,OH,45507,0.108,0.269,45342,0.053,67.8,0.282,0.442,0.611,210.9,36.02,0.708,0
CTY0322,VA,19663,0.627,0.312,50151,0.171,61.6,0.724,0.553,0.344,195.0,77.46,0.244,1
CTY0323,OH,304057,0.252,0.298,60204,0.142,31.7,0.475,0.74,0.35,313.1,69.67,0.332,0
CTY0324,WV,68296,0.721,0.337,51233,0.107,82.1,0.53,0.628,0.216,80.9,69.14,0.302,0
CTY0325,IL,208653,0.416,0.277,95297,0.146,94.6,0.57,0.316,0.44,181.1,65.93,0.427,0
CTY0326,MO,15312,0.075,0.17,73515,0.053,79.5,0.176,0.814,0.538,149.1,35.92,0.675,0
CTY0327,PA,10864,0.848,0.126,44067,0.119,15.0,0.362,0.277,0.465,225.8,89.9,0.18,1
CTY0328,IN,220898,0.261,0.162,47850,0.142,67.9,0.368,0.454,0.503,279.4,71.46,0.351,1
CTY0329,WV,176269,0.082,0.164,43226,0.097,66.8,0.73,0.612,0.455,169.3,69.1,0.385,0
CTY0330,FL,65501,0.066,0.227,60166,0.136,84.4,0.286,0.242,0.569,167.2,54.18,0.489,0
CTY0331,KY,151556,0.181,0.262,43364,0.079,80.5,0.452,0.462,0.515,174.5,53.65,0.514,0
CTY0332,TX,209282,0.147,0.235,74733,0.142,62.6,0.561,0.42,0.18,57.3,80.08,0.3,1
CTY0333,PA,37419,0.645,0.179,30040,0.199,77.1,0.406,0.643,0.571,214.6,63.63,0.356,0
CTY0334,TX,16659,0.295,0.314,54790,0.12,63.9,0.123,0.338,0.333,103.5,36.5,0.574,0
CTY0335,NC,23582,0.163,0.361,54112,0.02,61.9,0.424,0.408,0.18,203.9,46.66,0.549,0
CTY0336,NC,78088,0.455,0.28,45730,0.089,51.8,0.756,0.439,0.455,52.0,76.94,0.276,1
CTY0337,PA,15698,0.748,0.285,44075,0.072,87.7,0.285,0.589,0.333,150.4,56.78,0.35,0
CTY0338,KY,30221,0.152,0.212,22000,0.133,49.3,0.869,0.53,0.438,197.4,69.73,0.38,0
CTY0339,GA,504780,0.267,0.145,59714,0.138,51.4,0.357,0.53,0.444,42.9,57.63,0.435,0
CTY0340,GA,106217,0.07,0.408,42776,0.126,87.0,0.799,0.627,0.322,201.7,49.34,0.551,0
CTY0341,TN,127433,0.22,0.107,58216,0.057,83.8,0.66,0.27,0.421,171.4,82.63,0.309,1
CTY0342,TX,48235,0.7,0.401,65125,0.099,54.4,0.259,0.313,0.189,177.5,59.3,0.421,0
CTY0343,MO,15390,0.691,0.295,40851,0.126,54.5,0.632,0.555,0.576,192.1,79.71,0.282,1
CTY0344,TN,16941,0.548,0.242,55257,0.124,85.3,0.503,0.583,0.769,250.0,44.91,0.597,0
CTY0345,TX,222886,0.511,0.329,50871,0.02,77.3,0.52,0.544,0.347,181.3,69.89,0.319,0
CTY0346,AL,74956,0.471,0.132,70206,0.022,103.9,0.814,0.411,0.473,130.0,85.56,0.321,1
CTY0347,VA,74825,0.504,0.439,38248,0.195,99.4,0.305,0.652,0.317,40.0,56.76,0.454,0
CTY0348,MO,10960,0.596,0.087,22000,0.104,29.6,0.479,0.591,0.621,201.4,84.07,0.261,1
CTY0349,FL,391031,0.257,0.122,53666,0.121,37.4,0.744,0.692,0.246,226.8,81.8,0.208,1
CTY0350,AL,11073,0.839,0.401,69419,0.12,39.0,0.757,0.59,0.58,261.9,74.25,0.301,1
CTY0351,TN,43757,0.508,0.435,66039,0.156,91.6,0.578,0.283,0.467,82.6,60.43,0.463,0
CTY0352,OH,146248,0.867,0.321,54037,0.119,117.2,0.376,0.839,0.78,128.5,50.53,0.449,0
CTY0353,IL,72615,0.085,0.189,75569,0.047,15.0,0.586,0.501,0.34,133.4,72.54,0.382,1
CTY0354,PA,34634,0.08,0.396,60164,0.063,68.0,0.526,0.249,0.457,187.0,61.83,0.439,0
CTY0355,VA,58131,0.282,0.316,49553,0.124,45.9,0.805,0.577,0.497,281.3,74.49,0.371,1
CTY0356,MO,28843,0.145,0.375,35126,0.061,88.6,0.251,0.672,0.373,170.5,45.79,0.587,0
CTY0357,OH,69785,0.508,0.198,38512,0.02,47.5,0.542,0.453,0.589,166.6,72.04,0.375,1
CTY0358,AL,81820,0.25,0.34,55458,0.255,111.2,0.638,0.678,0.676,161.7,48.51,0.57,0
CTY0359,IL,20593,0.579,0.177,67325,0.02,58.5,0.342,0.469,0.708,318.9,76.29,0.399,1
CTY0360,TX,117176,0.517,0.354,50584,0.108,85.5,0.411,0.493,0.348,224.6,71.73,0.334,1
CTY0361,IN,30316,0.312,0.315,40108,0.107,62.0,0.614,0.185,0.474,210.4,73.02,0.364,1
CTY0362,VA,7596,0.135,0.269,22000,0.082,25.9,0.636,0.798,0.506,275.2,62.54,0.386,0
CTY0363,GA,29639,0.72,0.31,51097,0.153,82.1,0.637,0.624,0.386,151.1,80.89,0.264,1
CTY0364,KY,18544,0.148,0.426,45860,0.142,49.4,0.17,0.341,0.503,261.1,35.9,0.758,0
CTY0365,MO,73867,0.654,0.288,72059,0.085,92.2,0.422,0.779,0.567,191.5,55.22,0.512,0
CTY0366,IL,7888,0.161,0.214,46724,0.146,19.8,0.92,0.564,0.18,285.2,87.37,0.18,1
CTY0367,WV,29248,0.281,0.092,56058,0.02,93.0,0.428,0.662,0.495,226.6,47.07,0.541,0
CTY0368,FL,49811,0.545,0.124,62749,0.082,58.4,0.611,0.736,0.486,244.5,86.13,0.332,1
CTY0369,MO,13812,0.107,0.182,49199,0.083,55.6,0.33,0.638,0.451,210.1,51.62,0.549,0
CTY0370,WV,85336,0.199,0.202,37390,0.085,55.3,0.61,0.386,0.465,75.4,66.59,0.436,0
CTY0371,VA,42829,0.366,0.299,81547,0.084,24.4,0.709,0.595,0.502,259.6,68.71,0.361,0
CTY0372,MI,75520,0.606,0.301,44247,0.177,71.1,0.382,0.651,0.384,182.9,68.91,0.349,0
CTY0373,NC,12121,0.761,0.262,60352,0.122,101.8,0.581,0.589,0.332,101.6,78.44,0.287,1
CTY0374,WV,21859,0.633,0.418,76308,0.215,77.8,0.706,0.827,0.597,313.3,65.77,0.297,0
CTY0375,VA,64931,0.214,0.058,64317,0.059,91.6,0.332,0.469,0.455,181.6,68.74,0.353,0
CTY0376,WV,6901,0.707,0.432,61661,0.084,49.4,0.282,0.598,0.337,175.1,72.43,0.339,1
CTY0377,IL,175132,0.145,0.401,55585,0.056,70.5,0.501,0.453,0.536,146.9,41.94,0.612,0
CTY0378,GA,13298,0.074,0.254,70794,0.068,68.4,0.362,0.587,0.409,167.9,40.61,0.579,0
CTY0379,IN,51819,0.188,0.204,35805,0.16,73.9,0.478,0.778,0.388,66.3,49.3,0.502,0
CTY0380,TN,39675,0.375,0.339,48638,0.147,105.9,0.559,0.412,0.526,230.9,46.55,0.523,0
CTY0381,IL,178766,0.288,0.356,59052,0.134,62.0,0.74,0.327,0.363,133.5,76.55,0.298,1
CTY0382,MI,104438,0.481,0.338,51407,0.02,52.7,0.683,0.37,0.505,199.7,75.95,0.371,1
CTY0383,NC,74526,0.851,0.623,74253,0.117,100.4,0.256,0.518,0.377,155.0,49.34,0.476,0
CTY0384,TX,41353,0.363,0.286,35027,0.113,93.7,0.729,0.499,0.48,235.7,73.33,0.288,1
CTY0385,TX,259756,0.502,0.319,74837,0.232,80.1,0.571,0.58,0.444,199.9,77.49,0.212,1
CTY0386,MO,27531,0.433,0.259,71254,0.106,67.7,0.1,0.504,0.574,188.0,45.93,0.525,0
CTY0387,PA,165724,0.174,0.26,34081,0.087,63.8,0.318,0.658,0.769,259.0,42.88,0.571,0
CTY0388,OH,73493,0.411,0.288,61744,0.132,77.5,0.214,0.384,0.588,158.4,74.77,0.319,1
CTY0389,VA,25635,0.392,0.268,41940,0.076,52.0,0.391,0.816,0.55,234.1,44.51,0.625,0
CTY0390,IL,159525,0.712,0.324,49998,0.098,47.2,0.293,0.574,0.33,109.5,65.98,0.348,0
CTY0391,IN,248480,0.37,0.2,55042,0.04,83.0,0.59,0.652,0.452,132.4,80.6,0.315,1
CTY0392,IN,111470,0.06,0.411,33146,0.045,70.1,0.432,0.9,0.544,194.2,31.09,0.77,0
CTY0393,VA,43714,0.373,0.226,53641,0.112,87.2,0.321,0.617,0.55,247.4,61.71,0.475,0
CTY0394,PA,47494,0.47,0.185,48650,0.188,61.5,0.472,0.409,0.44,210.3,86.74,0.18,1
CTY0395,OH,138703,0.555,0.255,68507,0.063,54.8,0.81,0.708,0.437,95.3,71.56,0.327,1
CTY0396,FL,66081,0.109,0.211,70525,0.12,24.0,0.769,0.387,0.706,198.5,65.98,0.411,0
CTY0397,MI,51628,0.572,0.372,33224,0.123,84.8,0.443,0.457,0.398,144.8,60.54,0.356,0
CTY0398,KY,32019,0.374,0.389,63731,0.116,67.3,0.454,0.657,0.375,233.0,65.49,0.433,0
CTY0399,KY,3418,0.355,0.339,39181,0.02,86.6,0.271,0.648,0.372,271.5,53.6,0.431,0
CTY0400,TN,15343,0.548,0.168,51174,0.083,52.3,0.707,0.626,0.455,192.9,80.32,0.283,1
CTY0401,IN,123021,0.356,0.418,40211,0.131,64.6,0.597,0.275,0.446,139.6,65.67,0.398,0
CTY0402,IN,23876,0.192,0.185,83367,0.256,36.5,0.3,0.618,0.523,170.2,58.23,0.466,0
CTY0403,MO,82077,0.647,0.39,48330,0.044,84.6,0.441,0.606,0.379,216.5,60.62,0.391,0
CTY0404,MO,24370,0.712,0.441,28675,0.177,75.5,0.857,0.642,0.381,130.1,76.6,0.28,1
CTY0405,NC,98636,0.762,0.214,44773,0.049,101.7,0.466,0.189,0.278,202.3,81.39,0.227,1
CTY0406,IL,7099,0.446,0.223,46245,0.141,59.0,0.869,0.573,0.416,180.7,78.97,0.328,1
CTY0407,NC,35348,0.229,0.48,32855,0.038,83.3,0.436,0.574,0.468,132.8,53.92,0.58,0
CTY0408,TN,20572,0.169,0.211,72706,0.161,64.3,0.284,0.569,0.339,274.8,50.96,0.426,0
CTY0409,MO,56219,0.242,0.262,57289,0.153,78.3,0.453,0.523,0.545,202.2,41.88,0.513,0
CTY0410,VA,157929,0.15,0.287,50178,0.124,42.3,0.417,0.508,0.426,265.4,42.67,0.587,0
CTY0411,PA,169185,0.184,0.322,55627,0.103,110.8,0.601,0.615,0.434,153.7,35.73,0.583,0
CTY0412,OH,278311,0.257,0.258,43551,0.093,43.9,0.332,0.788,0.68,257.6,62.46,0.534,0
CTY0413,WV,98445,0.231,0.211,56838,0.078,94.2,0.589,0.384,0.579,177.6,53.74,0.551,0
CTY0414,IN,11791,0.589,0.615,56244,0.074,63.8,0.472,0.538,0.471,110.4,36.02,0.6,0
CTY0415,KY,31129,0.564,0.295,27234,0.102,56.6,0.514,0.427,0.295,130.4,81.66,0.203,1
CTY0416,NC,443502,0.285,0.46,61526,0.141,93.5,0.574,0.532,0.304,314.7,56.78,0.369,0
CTY0417,FL,125490,0.438,0.273,41423,0.037,66.1,0.562,0.449,0.561,82.4,59.89,0.537,0
CTY0418,KY,27679,0.128,0.233,58564,0.059,51.1,0.77,0.342,0.396,208.2,85.83,0.298,1
CTY0419,OH,105534,0.698,0.16,51445,0.101,100.7,0.591,0.427,0.47,268.1,88.43,0.277,1
CTY0420,TX,40645,0.063,0.387,52228,0.101,109.2,0.574,0.676,0.461,231.6,48.02,0.464,0
CTY0421,GA,12510,0.419,0.311,60939,0.133,111.3,0.903,0.46,0.583,212.1,65.21,0.386,0
CTY0422,KY,49529,0.739,0.093,80308,0.156,73.5,0.743,0.705,0.24,124.9,91.75,0.18,1
CTY0423,VA,48051,0.083,0.359,57123,0.098,78.7,0.333,0.591,0.259,116.7,40.35,0.582,0
CTY0424,GA,1722,0.319,0.18,50780,0.159,126.7,0.461,0.649,0.515,147.1,53.94,0.487,0
CTY0425,KY,31392,0.647,0.233,29558,0.108,22.7,0.762,0.43,0.515,225.4,89.25,0.191,1
CTY0426,IL,12521,0.357,0.256,50726,0.02,102.0,0.554,0.485,0.354,171.3,63.26,0.392,0
CTY0427,IL,350260,0.31,0.372,42323,0.083,103.0,0.445,0.739,0.451,201.6,44.3,0.555,0
CTY0428,IL,32746,0.383,0.367,73472,0.077,81.7,0.365,0.488,0.436,186.4,48.73,0.594,0
CTY0429,IN,435117,0.417,0.212,56960,0.118,51.6,0.199,0.526,0.394,69.3,56.19,0.458,0
CTY0430,VA,9762,0.105,0.294,75831,0.087,84.5,0.787,0.517,0.479,178.6,63.98,0.469,0
CTY0431,MI,7339,0.726,0.2,46275,0.155,89.7,0.442,0.381,0.558,123.2,80.94,0.277,1
CTY0432,NC,163223,0.587,0.295,42509,0.072,74.3,0.655,0.613,0.739,190.5,71.88,0.343,1
CTY0433,MO,6028,0.35,0.25,72822,0.112,90.5,0.546,0.757,0.415,63.9,60.11,0.413,0
CTY0434,MO,131390,0.021,0.253,38119,0.02,69.6,0.329,0.459,0.57,183.6,32.93,0.73,0
CTY0435,GA,100585,0.372,0.297,69126,0.15,71.5,0.668,0.495,0.51,190.7,80.6,0.327,1
CTY0436,PA,16883,0.258,0.443,57340,0.052,40.6,0.599,0.528,0.429,153.3,57.18,0.475,0
CTY0437,FL,15576,0.406,0.264,42447,0.103,70.7,0.898,0.662,0.417,150.3,70.37,0.372,0
CTY0438,IL,71175,0.698,0.26,62432,0.174,35.0,0.682,0.607,0.494,117.6,78.67,0.244,1
CTY0439,GA,19387,0.118,0.369,39250,0.059,79.1,0.426,0.454,0.553,170.8,34.43,0.666,0
CTY0440,TX,149727,0.703,0.339,48597,0.162,72.0,0.676,0.76,0.482,116.1,70.61,0.344,0
CTY0441,IL,80676,0.379,0.374,43457,0.131,71.8,0.36,0.668,0.526,170.1,47.57,0.485,0
CTY0442,KY,51566,0.897,0.23,65902,0.112,46.5,0.71,0.361,0.306,208.5,89.7,0.18,1
CTY0443,NC,7997,0.191,0.384,40451,0.079,82.4,0.636,0.67,0.18,155.4,70.68,0.286,0
CTY0444,IL,90986,0.696,0.369,70624,0.133,94.2,0.6,0.38,0.601,260.9,69.21,0.384,0
CTY0445,KY,131873,0.509,0.357,50152,0.245,41.8,0.529,0.591,0.447,93.5,66.94,0.313,0
CTY0446,WV,302583,0.263,0.33,69626,0.115,59.6,0.602,0.452,0.338,121.6,70.84,0.325,0
CTY0447,KY,4892,0.269,0.416,56211,0.075,61.3,0.574,0.9,0.442,269.4,41.63,0.559,0
CTY0448,FL,18996,0.891,0.237,31591,0.02,73.8,0.492,0.745,0.388,273.2,80.02,0.27,1
CTY0449,IN,140429,0.727,0.241,79774,0.069,52.5,0.825,0.51,0.436,121.9,89.55,0.197,1
CTY0450,AL,150216,0.287,0.224,61097,0.152,56.6,0.409,0.679,0.436,237.2,61.84,0.403,0
CTY0451,VA,55964,0.329,0.252,73945,0.201,77.9,0.266,0.738,0.18,213.1,75.17,0.282,1
CTY0452,TX,61145,0.607,0.381,31967,0.112,56.3,0.386,0.395,0.511,159.6,60.64,0.49,0
CTY0453,MO,443047,0.229,0.392,22000,0.067,88.0,0.854,0.751,0.514,141.2,48.84,0.539,0
CTY0454,TX,103008,0.632,0.171,74675,0.131,78.2,0.559,0.607,0.269,290.1,83.53,0.233,1
CTY0455,GA,5150,0.225,0.229,50107,0.165,62.3,0.1,0.41,0.394,142.5,50.42,0.44,0
CTY0456,FL,16784,0.243,0.174,54819,0.166,78.4,0.549,0.539,0.69,83.8,50.21,0.578,0
CTY0457,GA,123613,0.116,0.423,41871,0.233,65.9,0.528,0.829,0.53,176.6,46.87,0.564,0
CTY0458,AL,76710,0.468,0.262,42364,0.127,79.2,0.338,0.517,0.513,193.5,50.75,0.488,0
CTY0459,KY,94538,0.724,0.268,49556,0.051,53.9,0.264,0.591,0.57,101.5,46.81,0.528,0
CTY0460,MO,61074,0.432,0.34,59517,0.051,48.7,0.359,0.703,0.52,182.0,55.76,0.5,0
CTY0461,AL,236827,0.293,0.229,41960,0.051,70.0,0.537,0.444,0.44,200.7,65.93,0.4,0
CTY0462,AL,10652,0.349,0.174,37316,0.086,30.2,0.235,0.491,0.422,235.0,63.01,0.395,0
CTY0463,KY,64860,0.349,0.266,50953,0.129,112.1,0.278,0.881,0.504,192.7,36.77,0.577,0
CTY0464,WV,46865,0.828,0.417,66053,0.118,92.0,0.388,0.437,0.463,248.5,56.71,0.426,0
CTY0465,IN,23904,0.251,0.368,49762,0.133,126.1,0.694,0.576,0.531,187.8,38.24,0.628,0
CTY0466,VA,9783,0.697,0.267,42279,0.139,49.5,0.315,0.776,0.534,295.6,53.52,0.421,0
CTY0467,TN,127357,0.388,0.329,63184,0.15,105.0,0.562,0.543,0.477,186.1,58.3,0.471,0
CTY0468,VA,57985,0.493,0.286,54177,0.119,72.8,0.323,0.568,0.595,164.2,67.69,0.423,0
CTY0469,FL,22350,0.261,0.347,30450,0.049,45.9,0.182,0.538,0.48,204.5,39.79,0.578,0
CTY0470,GA,46447,0.424,0.237,33246,0.083,51.6,0.1,0.501,0.575,276.1,43.29,0.578,0
CTY0471,IL,61208,0.017,0.337,57679,0.02,60.5,0.495,0.644,0.405,192.2,35.64,0.685,0
CTY0472,PA,24119,0.116,0.306,63279,0.155,74.6,0.414,0.448,0.436,230.6,55.75,0.491,0
CTY0473,MO,48088,0.19,0.207,57174,0.096,15.0,0.517,0.649,0.421,146.8,57.66,0.413,0
CTY0474,FL,149684,0.34,0.365,64150,0.172,93.4,0.531,0.574,0.423,250.0,65.95,0.386,0
CTY0475,WV,30113,0.254,0.28,62111,0.18,87.2,0.76,0.502,0.636,296.5,72.65,0.345,1
CTY0476,OH,40522,0.521,0.26,38250,0.075,75.8,0.794,0.536,0.531,161.6,82.48,0.331,1
CTY0477,TN,10266,0.634,0.404,60553,0.146,71.0,0.826,0.759,0.579,97.4,63.95,0.411,0
CTY0478,KY,15997,0.414,0.279,67492,0.065,84.4,0.457,0.789,0.518,204.5,67.88,0.41,0
CTY0479,WV,18507,0.46,0.191,57699,0.208,112.5,0.644,0.817,0.433,154.5,74.55,0.252,1
CTY0480,GA,47764,0.409,0.236,72249,0.162,57.2,0.298,0.585,0.58,189.5,51.2,0.514,0
CTY0481,TX,59697,0.399,0.338,31383,0.157,57.3,0.397,0.204,0.418,323.8,48.98,0.457,0
CTY0482,WV,233572,0.382,0.187,72558,0.201,78.3,0.562,0.525,0.483,148.7,65.77,0.35,0
CTY0483,GA,27219,0.711,0.249,42577,0.08,66.8,0.298,0.688,0.461,210.4,67.6,0.318,0
CTY0484,TX,18351,0.193,0.259,72617,0.156,76.0,0.555,0.529,0.587,192.7,45.92,0.589,0
CTY0485,IN,70961,0.363,0.404,62679,0.12,109.7,0.212,0.468,0.414,216.1,25.6,0.624,0
CTY0486,PA,146308,0.425,0.178,39415,0.194,67.4,0.395,0.457,0.522,150.5,53.79,0.495,0
CTY0487,NC,31718,0.755,0.293,62555,0.133,43.3,0.473,0.73,0.464,196.2,70.27,0.346,0
CTY0488,AL,27793,0.112,0.315,51593,0.067,42.8,0.398,0.492,0.651,158.3,66.11,0.468,0
CTY0489,PA,540996,0.579,0.215,39761,0.133,81.1,0.499,0.43,0.466,239.8,87.27,0.18,1
CTY0490,WV,179016,0.458,0.439,42422,0.02,55.8,0.605,0.771,0.68,244.6,55.67,0.54,0
CTY0491,VA,350262,0.215,0.271,60705,0.161,91.4,0.452,0.9,0.514,164.3,48.64,0.528,0
CTY0492,KY,77014,0.318,0.417,65037,0.094,98.2,0.4,0.439,0.78,198.7,57.63,0.489,0
CTY0493,TN,300428,0.535,0.324,52799,0.077,71.1,0.554,0.453,0.382,207.0,78.71,0.325,1
CTY0494,OH,80419,0.254,0.199,51337,0.186,43.8,0.48,0.71,0.654,175.9,66.82,0.402,0
CTY0495,TN,4710,0.582,0.253,40159,0.192,62.1,0.501,0.342,0.378,175.2,77.47,0.26,1
CTY0496,TN,3287,0.328,0.358,47663,0.077,113.1,0.559,0.294,0.495,269.5,53.51,0.52,0
CTY0497,TX,7212,0.34,0.184,35116,0.095,69.2,0.584,0.409,0.663,202.2,59.08,0.463,0
CTY0498,TX,153913,0.151,0.229,59492,0.096,62.9,0.605,0.63,0.664,173.6,69.66,0.436,0
CTY0499,IL,4590,0.421,0.267,63377,0.031,96.4,0.495,0.658,0.407,133.3,61.27,0.504,0
